glacier_id,glacier_na,glims_id,wgi_id,rgi_id,nhd_id,gnis_id,recno,parent_ice,glac_status
G236965E41006N,CA,G236965E41006N,,RGI60-02.13965,120011318, ,,,exists
G236955E41003N,CA,G236955E41003N,,RGI60-02.13966,111585795, ,,,exists
G236945E41003N,CA,G236945E41003N,,RGI60-02.13967,111585801, ,,,exists
G236948E41002N,CA,G236948E41002N,,RGI60-02.13968,111585803, ,,,exists
G236958E40997N,CA,G236958E40997N,,RGI60-02.13969,111577159, ,,,exists
G236968E40996N,CA,G236968E40996N,,RGI60-02.13970,111577161, ,,,exists
G236976E40992N,CA,G236976E40992N,,RGI60-02.13971,111577167, ,,,exists
G236989E40990N,CA,G236989E40990N,,RGI60-02.13972,111577169, ,,,exists
G236947E40987N,CA,G236947E40987N,,RGI60-02.13973,111577171, ,,,exists
G236960E40988N,CA,G236960E40988N,,RGI60-02.13974,111577175, ,,,exists
G236947E40984N,CA,G236947E40984N,,RGI60-02.13975,111577179, ,,,exists
G236948E40981N,CA,G236948E40981N,,RGI60-02.13976,111577189, ,,,exists
G236944E40979N,CA,G236944E40979N,,RGI60-02.13977,111577191, ,,,exists
G236947E40977N,CA,G236947E40977N,,RGI60-02.13978,111577197, ,,,exists
G236996E40975N,CA,G236996E40975N,,RGI60-02.13979,111577203, ,,,exists
G236946E40973N,CA,G236946E40973N,,RGI60-02.13980,111577209, ,,,exists
G236944E40972N,CA,G236944E40972N,,RGI60-02.13981,111577215, ,,,exists
G236948E40971N,CA,G236948E40971N,,RGI60-02.13982,111577217, ,,,exists
G236951E40967N,CA,G236951E40967N,,RGI60-02.13983,111577219, ,,,exists
G236959E40970N,CA,G236959E40970N,,RGI60-02.13984,111591887, ,,,exists
G236938E40965N,CA,G236938E40965N,,RGI60-02.13985,111577221, ,,,exists
G236929E40965N,CA,G236929E40965N,,RGI60-02.13986,111577223, ,,,exists
G236946E40964N,CA,G236946E40964N,,RGI60-02.13987,111577225, ,,,exists
G236942E40963N,CA,G236942E40963N,,RGI60-02.13988,111591889, ,,,exists
G236951E40961N,CA,G236951E40961N,,RGI60-02.13989,111577227, ,,,exists
G236946E40958N,CA,G236946E40958N,,RGI60-02.13990,111577229, ,,,exists
G236951E40942N,CA,G236951E40942N,,RGI60-02.13991,111577247, ,,,exists
G236973E41005N,CA,G236973E41005N,,RGI60-02.13992,120011319, ,,,exists
G236999E40988N,CA,G236999E40988N,,RGI60-02.13993,111591883, ,,,exists
G237000E40975N,CA,G237000E40975N,,RGI60-02.13994,111591885, ,,,exists
G241455E36387N,CA,G241455E36387N,,RGI60-02.14856,,,,,exists
G241416E36399N,CA,G241416E36399N,,RGI60-02.14857,34032393, ,,,exists
G241440E36407N,CA,G241440E36407N,,RGI60-02.14858,34032379, ,,,exists
G241443E36407N,CA,G241443E36407N,,RGI60-02.14859,34032387, ,,,exists
G241446E36408N,CA,G241446E36408N,,RGI60-02.14860,34032381, ,,,
G241476E36457N,CA,G241476E36457N,,RGI60-02.14861,,,,,exists
G241470E36457N,CA,G241470E36457N,,RGI60-02.14862,,,,,exists
G241442E36458N,CA,G241442E36458N,,RGI60-02.14863,34032359, ,,,exists
G241432E36503N,CA,G241432E36503N,,RGI60-02.14864,120011350, ,,,exists
G241429E36504N,CA,G241429E36504N,,RGI60-02.14865,34032355, ,,,exists
G241424E36504N,CA,G241424E36504N,,RGI60-02.14866,34032353, ,,,exists
G241710E36514N,CA,G241710E36514N,,RGI60-02.14867,,,,,exists
G241703E36518N,CA,G241703E36518N,,RGI60-02.14868,,,,,exists
G241702E36520N,CA,G241702E36520N,,RGI60-02.14869,,,,,exists
G241716E36525N,CA,G241716E36525N,,RGI60-02.14870,,,,,exists
G241437E36523N,CA,G241437E36523N,,RGI60-02.14871,30984576, ,,,exists
G241708E36529N,CA,G241708E36529N,,RGI60-02.14872,,,,,exists
G241720E36531N,CA,G241720E36531N,,RGI60-02.14873,,,,,exists
G241511E36531N,CA,G241511E36531N,,RGI60-02.14874,30984590, ,,,exists
G241690E36537N,CA,G241690E36537N,,RGI60-02.14875,,,,,exists
G241516E36532N,CA,G241516E36532N,,RGI60-02.14876,30984588, ,,,exists
G241535E36536N,CA,G241535E36536N,,RGI60-02.14877,30984594, ,,,exists
G241505E36536N,CA,G241505E36536N,,RGI60-02.14878,30984572, ,,,exists
G241435E36538N,CA,G241435E36538N,,RGI60-02.14879,120011349, ,,,exists
G241500E36538N,CA,G241500E36538N,,RGI60-02.14880,30984570, ,,,exists
G241498E36542N,CA,G241498E36542N,,RGI60-02.14881,120011348, ,,,exists
G241741E36550N,CA,G241741E36550N,,RGI60-02.14882,,,,,exists
G241485E36548N,CA,G241485E36548N,,RGI60-02.14883,30984562, ,,,exists
G241739E36551N,CA,G241739E36551N,,RGI60-02.14884,,,,,exists
G241438E36547N,CA,G241438E36547N,,RGI60-02.14885,34032339, ,,,exists
G241441E36548N,CA,G241441E36548N,,RGI60-02.14886,120011347, ,,,exists
G241476E36551N,CA,G241476E36551N,,RGI60-02.14887,30984548, ,,,exists
G241484E36550N,CA,G241484E36550N,,RGI60-02.14888,30984558, ,,,exists
G241494E36548N,CA,G241494E36548N,US2K04332006,RGI60-02.14889,30984560, ,,,exists
G241704E36555N,CA,G241704E36555N,,RGI60-02.14890,,,,,exists
G241727E36555N,CA,G241727E36555N,,RGI60-02.14891,,,,,exists
G241716E36558N,CA,G241716E36558N,US2L00211004,RGI60-02.14892,,,,,exists
G241510E36560N,CA,G241510E36560N,,RGI60-02.14893,30984540, ,,,exists
G241712E36563N,CA,G241712E36563N,,RGI60-02.14894,,,,,exists
G241492E36559N,CA,G241492E36559N,US2K04332009,RGI60-02.14895,30984526, ,,,exists
G241478E36562N,CA,G241478E36562N,,RGI60-02.14896,30984522, ,,,exists
G241712E36566N,CA,G241712E36566N,,RGI60-02.14897,,,,,exists
G241485E36566N,CA,G241485E36566N,US2K04332010,RGI60-02.14898,30984518, ,,,exists
G241442E36571N,CA,G241442E36571N,,RGI60-02.14899,34032333, ,,,exists
G241477E36572N,CA,G241477E36572N,,RGI60-02.14900,30984474, ,,,exists
G241447E36572N,Lilliput Glacier CA,G241447E36572N,US2K04321002,RGI60-02.14901,34032331, ,,,exists
G241509E36574N,CA,G241509E36574N,,RGI60-02.14902,30984496, ,,,exists
G241437E36572N,CA,G241437E36572N,,RGI60-02.14903,34032325, ,,,exists
G241712E36576N,CA,G241712E36576N,US2L00211007,RGI60-02.14904,{42F8FB7E-3019-4543-8C31-D6D36AB7F930}, ,,,exists
G241451E36573N,CA,G241451E36573N,US2K04321001,RGI60-02.14905,120011346, ,,,exists
G241525E36578N,CA,G241525E36578N,,RGI60-02.14906,30984492, ,,,exists
G241715E36586N,CA,G241715E36586N,,RGI60-02.14907,,,,,exists
G241475E36581N,CA,G241475E36581N,US2K04332012,RGI60-02.14908,30984462, ,,,exists
G241466E36584N,CA,G241466E36584N,,RGI60-02.14909,34032323, ,,,exists
G241690E36588N,CA,G241690E36588N,US2K04333012,RGI60-02.14910,,,,,exists
G241714E36592N,CA,G241714E36592N,,RGI60-02.14911,,,,,exists
G241474E36590N,CA,G241474E36590N,,RGI60-02.14912,30984444, ,,,exists
G241707E36593N,CA,G241707E36593N,US2K04333011,RGI60-02.14913,,,,,exists
G241739E36596N,CA,G241739E36596N,,RGI60-02.14914,,,,,exists
G241703E36597N,CA,G241703E36597N,,RGI60-02.14915,,,,,exists
G241471E36596N,CA,G241471E36596N,,RGI60-02.14916,33995851, ,,,exists
G241727E36599N,CA,G241727E36599N,,RGI60-02.14917,79972855, ,,,exists
G241559E36597N,CA,G241559E36597N,,RGI60-02.14918,30984464, ,,,exists
G241438E36596N,CA,G241438E36596N,,RGI60-02.14919,33995845, ,,,exists
G241717E36598N,CA,G241717E36598N,,RGI60-02.14920,,,,,exists
G241477E36597N,CA,G241477E36597N,,RGI60-02.14921,120011345, ,,,exists
G241432E36597N,CA,G241432E36597N,,RGI60-02.14922,33995837, ,,,exists
G241440E36597N,CA,G241440E36597N,,RGI60-02.14923,33995843, ,,,exists
G241435E36597N,CA,G241435E36597N,,RGI60-02.14924,33995839, ,,,exists
G241443E36598N,CA,G241443E36598N,,RGI60-02.14925,33995841, ,,,exists
G241429E36598N,CA,G241429E36598N,,RGI60-02.14926,33995835, ,,,exists
G241461E36597N,CA,G241461E36597N,,RGI60-02.14927,33995849, ,,,exists
G241425E36599N,CA,G241425E36599N,,RGI60-02.14928,33995833, ,,,exists
G241476E36603N,CA,G241476E36603N,US2K04318004,RGI60-02.14929,33995847, ,,,exists
G241710E36606N,CA,G241710E36606N,,RGI60-02.14930,,,,,exists
G241706E36608N,CA,G241706E36608N,,RGI60-02.14931,,,,,exists
G241447E36607N,CA,G241447E36607N,,RGI60-02.14932,33995827, ,,,exists
G241702E36613N,CA,G241702E36613N,US2L00211010,RGI60-02.14933,,,,,exists
G241483E36611N,CA,G241483E36611N,,RGI60-02.14934,33995831, ,,,exists
G241538E36612N,CA,G241538E36612N,US2K04333002,RGI60-02.14935,30984420, ,,,exists
G241444E36612N,CA,G241444E36612N,,RGI60-02.14936,33995823, ,,,exists
G241493E36615N,CA,G241493E36615N,US2K04318002,RGI60-02.14937,120011344, ,,,exists
G241494E36618N,CA,G241494E36618N,,RGI60-02.14938,120011343, ,,,exists
G241697E36622N,CA,G241697E36622N,,RGI60-02.14939,,,,,exists
G241529E36623N,CA,G241529E36623N,,RGI60-02.14940,30984410, ,,,exists
G241532E36624N,CA,G241532E36624N,US2K04333003,RGI60-02.14941,120011342, ,,,exists
G241685E36628N,CA,G241685E36628N,,RGI60-02.14942,,,,,exists
G241505E36629N,CA,G241505E36629N,,RGI60-02.14943,33995821, ,,,exists
G241670E36632N,CA,G241670E36632N,,RGI60-02.14944,,,,,exists
G241508E36631N,CA,G241508E36631N,,RGI60-02.14945,33995813, ,,,exists
G241529E36633N,CA,G241529E36633N,US2K04333004,RGI60-02.14946,30984394, ,,,exists
G241527E36633N,CA,G241527E36633N,,RGI60-02.14947,30984392, ,,,exists
G241522E36633N,CA,G241522E36633N,US2K04333005,RGI60-02.14948,30984386, ,,,exists
G241518E36639N,CA,G241518E36639N,,RGI60-02.14949,30984358, ,,,exists
G241678E36643N,CA,G241678E36643N,,RGI60-02.14950,,,,,exists
G241306E36638N,CA,G241306E36638N,,RGI60-02.14951,,,,,exists
G241685E36647N,CA,G241685E36647N,,RGI60-02.14952,,,,,exists
G241308E36642N,CA,G241308E36642N,,RGI60-02.14953,,,,,exists
G241517E36647N,CA,G241517E36647N,,RGI60-02.14954,30984350, ,,,exists
G241516E36648N,CA,G241516E36648N,,RGI60-02.14955,30984348, ,,,exists
G241669E36653N,CA,G241669E36653N,,RGI60-02.14956,,,,,exists
G241519E36653N,CA,G241519E36653N,,RGI60-02.14957,120011341, ,,,exists
G241517E36653N,CA,G241517E36653N,,RGI60-02.14958,33995795, ,,,exists
G241704E36657N,CA,G241704E36657N,,RGI60-02.14959,,,,,exists
G241701E36656N,CA,G241701E36656N,,RGI60-02.14960,,,,,exists
G241534E36660N,CA,G241534E36660N,,RGI60-02.14961,30984322, ,,,exists
G241682E36662N,CA,G241682E36662N,,RGI60-02.14962,,,,,exists
G241541E36661N,CA,G241541E36661N,,RGI60-02.14963,30984326, ,,,exists
G241520E36659N,CA,G241520E36659N,US2K04318001,RGI60-02.14964,33995789, ,,,exists
G241529E36661N,CA,G241529E36661N,,RGI60-02.14965,30984318, ,,,exists
G241528E36670N,CA,G241528E36670N,,RGI60-02.14966,120011340, ,,,exists
G241529E36671N,CA,G241529E36671N,,RGI60-02.14967,120011339, ,,,exists
G241523E36671N,CA,G241523E36671N,,RGI60-02.14968,33995777, ,,,exists
G241535E36673N,CA,G241535E36673N,,RGI60-02.14969,120011338, ,,,exists
G241545E36678N,CA,G241545E36678N,,RGI60-02.14970,33995771, ,,,exists
G241525E36685N,CA,G241525E36685N,,RGI60-02.14971,33995749, ,,,exists
G241553E36688N,CA,G241553E36688N,,RGI60-02.14972,33995757, ,,,exists
G241610E36691N,CA,G241610E36691N,,RGI60-02.14973,30984304, ,,,exists
G241550E36689N,CA,G241550E36689N,,RGI60-02.14974,33995747, ,,,exists
G241634E36694N,CA,G241634E36694N,,RGI60-02.14975,33995773, ,,,exists
G241632E36694N,CA,G241632E36694N,,RGI60-02.14976,33995767, ,,,exists
G241643E36697N,CA,G241643E36697N,,RGI60-02.14977,33995765, ,,,exists
G241579E36698N,CA,G241579E36698N,,RGI60-02.14978,120011336, ,,,exists
G241587E36699N,CA,G241587E36699N,,RGI60-02.14979,33995737, ,,,exists
G241622E36700N,CA,G241622E36700N,,RGI60-02.14980,33995755, ,,,exists
G241601E36702N,CA,G241601E36702N,,RGI60-02.14981,33995741, ,,,exists
G241610E36701N,CA,G241610E36701N,US2K04317004,RGI60-02.14982,33995743, ,,,exists
G241523E36704N,CA,G241523E36704N,US2K04317019,RGI60-02.14983,33995689, ,,,exists
G241544E36706N,CA,G241544E36706N,,RGI60-02.14984,33995709, ,,,exists
G241536E36707N,CA,G241536E36707N,,RGI60-02.14985,33995701, ,,,exists
G241606E36707N,CA,G241606E36707N,,RGI60-02.14986,33995733, ,,,exists
G241594E36711N,CA,G241594E36711N,,RGI60-02.14987,33995721, ,,,exists
G241518E36710N,CA,G241518E36710N,,RGI60-02.14988,33995673, ,,,exists
G241605E36712N,CA,G241605E36712N,,RGI60-02.14989,33995719, ,,,exists
G241593E36713N,CA,G241593E36713N,,RGI60-02.14990,33995717, ,,,exists
G241490E36712N,CA,G241490E36712N,,RGI60-02.14991,33995657, ,,,exists
G241596E36713N,CA,G241596E36713N,,RGI60-02.14992,33995713, ,,,exists
G241515E36713N,CA,G241515E36713N,,RGI60-02.14993,33995665, ,,,exists
G241588E36715N,CA,G241588E36715N,,RGI60-02.14994,33995707, ,,,exists
G241504E36717N,CA,G241504E36717N,,RGI60-02.14995,33995639, ,,,exists
G241511E36720N,CA,G241511E36720N,,RGI60-02.14996,33995637, ,,,exists
G241465E36731N,CA,G241465E36731N,,RGI60-02.14997,,,,,exists
G241644E36745N,CA,G241644E36745N,,RGI60-02.14998,,,,,exists
G241642E36746N,CA,G241642E36746N,,RGI60-02.14999,,,,,exists
G241643E36753N,CA,G241643E36753N,,RGI60-02.15000,{DFBD1F7A-D826-4CDE-9E5B-5902BD707C97}, ,,,exists
G241632E36754N,CA,G241632E36754N,,RGI60-02.15001,,,,,exists
G241641E36754N,CA,G241641E36754N,,RGI60-02.15002,{BF514CE4-2815-4D8F-8A23-9DE96925CA05}, ,,,exists
G241612E36783N,CA,G241612E36783N,,RGI60-02.15003,33995535, ,,,exists
G241606E36786N,CA,G241606E36786N,,RGI60-02.15004,33995527, ,,,exists
G241596E36787N,CA,G241596E36787N,,RGI60-02.15005,33995511, ,,,exists
G241600E36788N,CA,G241600E36788N,,RGI60-02.15006,33995513, ,,,exists
G241623E36795N,CA,G241623E36795N,,RGI60-02.15007,33995497, ,,,exists
G241635E36797N,CA,G241635E36797N,,RGI60-02.15008,,,,,exists
G241637E36797N,CA,G241637E36797N,,RGI60-02.15009,,,,,exists
G241551E36803N,CA,G241551E36803N,,RGI60-02.15010,33995455, ,,,exists
G241546E36804N,CA,G241546E36804N,,RGI60-02.15011,33995447, ,,,exists
G241544E36807N,CA,G241544E36807N,,RGI60-02.15012,33995443, ,,,exists
G241618E36813N,CA,G241618E36813N,,RGI60-02.15013,79972647, ,,,exists
G241561E36819N,CA,G241561E36819N,,RGI60-02.15014,33995421, ,,,exists
G241628E36822N,CA,G241628E36822N,,RGI60-02.15015,,,,,exists
G241610E36824N,CA,G241610E36824N,,RGI60-02.15016,,,,,exists
G241612E36828N,CA,G241612E36828N,,RGI60-02.15017,79972619, ,,,exists
G241551E36835N,CA,G241551E36835N,US2K04316015,RGI60-02.15018,33995403, ,,,exists
G241558E36836N,CA,G241558E36836N,,RGI60-02.15019,33995405, ,,,exists
G241611E36838N,CA,G241611E36838N,US2K04316007,RGI60-02.15020,33995409, ,,,exists
G241556E36842N,CA,G241556E36842N,,RGI60-02.15021,33995391, ,,,exists
G241630E36863N,CA,G241630E36863N,US2K04316003,RGI60-02.15022,33995371, ,,,exists
G241626E36863N,CA,G241626E36863N,US2K04316004,RGI60-02.15023,33995367, ,,,exists
G241614E36869N,CA,G241614E36869N,,RGI60-02.15024,33995353, ,,,exists
G241601E36872N,CA,G241601E36872N,,RGI60-02.15025,33995349, ,,,exists
G241611E36875N,CA,G241611E36875N,,RGI60-02.15026,33995347, ,,,exists
G241607E36878N,CA,G241607E36878N,,RGI60-02.15027,33995343, ,,,exists
G241361E36876N,CA,G241361E36876N,,RGI60-02.15028,33995275, ,,,exists
G241364E36877N,CA,G241364E36877N,,RGI60-02.15029,33995273, ,,,exists
G241351E36877N,CA,G241351E36877N,,RGI60-02.15030,33995269, ,,,exists
G241335E36878N,CA,G241335E36878N,,RGI60-02.15031,33995251, ,,,exists
G241374E36879N,CA,G241374E36879N,,RGI60-02.15032,,,,,exists
G241331E36881N,CA,G241331E36881N,,RGI60-02.15033,33995239, ,,,exists
G241349E36882N,CA,G241349E36882N,,RGI60-02.15034,33995241, ,,,exists
G241330E36883N,CA,G241330E36883N,,RGI60-02.15035,33995229, ,,,exists
G241327E36885N,CA,G241327E36885N,,RGI60-02.15036,33995223, ,,,exists
G241335E36887N,CA,G241335E36887N,,RGI60-02.15037,,,,,exists
G241533E36920N,CA,G241533E36920N,,RGI60-02.15038,33995235, ,,,exists
G241518E36928N,CA,G241518E36928N,,RGI60-02.15039,33995207, ,,,exists
G241580E36932N,CA,G241580E36932N,,RGI60-02.15040,33995225, ,,,exists
G241510E36932N,CA,G241510E36932N,,RGI60-02.15041,33995193, ,,,exists
G241569E36935N,CA,G241569E36935N,,RGI60-02.15042,33995219, ,,,exists
G241572E36935N,CA,G241572E36935N,,RGI60-02.15043,33995215, ,,,exists
G241463E36937N,CA,G241463E36937N,,RGI60-02.15044,33995175, ,,,exists
G241454E36944N,CA,G241454E36944N,,RGI60-02.15045,33995163, ,,,exists
G241615E36948N,CA,G241615E36948N,,RGI60-02.15046,,,,,exists
G241461E36946N,CA,G241461E36946N,,RGI60-02.15047,33995161, ,,,exists
G241603E36948N,CA,G241603E36948N,US2K04316001,RGI60-02.15048,33995201, ,,,exists
G241597E36952N,CA,G241597E36952N,US2K04316002,RGI60-02.15049,33995187, ,,,exists
G241475E36956N,CA,G241475E36956N,,RGI60-02.15050,33995157, ,,,exists
G241586E36958N,CA,G241586E36958N,,RGI60-02.15051,33995177, ,,,exists
G241473E36957N,CA,G241473E36957N,,RGI60-02.15052,33995153, ,,,exists
G241598E36959N,CA,G241598E36959N,,RGI60-02.15053,,,,,exists
G241606E36961N,CA,G241606E36961N,,RGI60-02.15054,,,,,exists
G241604E36961N,CA,G241604E36961N,,RGI60-02.15055,,,,,exists
G241474E36961N,CA,G241474E36961N,,RGI60-02.15056,33995143, ,,,exists
G241491E36963N,CA,G241491E36963N,,RGI60-02.15057,33995149, ,,,exists
G241492E36965N,CA,G241492E36965N,,RGI60-02.15058,33995141, ,,,exists
G241492E36966N,CA,G241492E36966N,,RGI60-02.15059,33995135, ,,,exists
G241592E36969N,CA,G241592E36969N,,RGI60-02.15060,33995167, ,,,exists
G241527E36980N,CA,G241527E36980N,,RGI60-02.15061,33995121, ,,,exists
G241320E36992N,CA,G241320E36992N,,RGI60-02.15062,33994975, ,,,exists
G241279E36993N,CA,G241279E36993N,,RGI60-02.15063,33994943, ,,,exists
G241480E36999N,CA,G241480E36999N,,RGI60-02.15064,33995069, ,,,exists
G241524E37000N,CA,G241524E37000N,,RGI60-02.15065,,,,,exists
G241268E36996N,CA,G241268E36996N,,RGI60-02.15066,33994929, ,,,exists
G241271E36998N,CA,G241271E36998N,,RGI60-02.15067,33994925, ,,,exists
G241315E36998N,CA,G241315E36998N,,RGI60-02.15068,33994949, ,,,exists
G241528E37002N,CA,G241528E37002N,,RGI60-02.15069,33995097, ,,,exists
G241599E37003N,CA,G241599E37003N,,RGI60-02.15070,77318982, ,,,exists
G241302E36999N,CA,G241302E36999N,,RGI60-02.15071,33994941, ,,,exists
G241311E36998N,CA,G241311E36998N,,RGI60-02.15072,33994945, ,,,exists
G241531E37003N,CA,G241531E37003N,,RGI60-02.15073,33995095, ,,,exists
G241596E37004N,CA,G241596E37004N,,RGI60-02.15074,77318980, ,,,exists
G241589E37004N,CA,G241589E37004N,,RGI60-02.15075,77318978, ,2.02E+11,,exists
G241520E37007N,CA,G241520E37007N,,RGI60-02.15076,33995073, ,,,exists
G241583E37008N,CA,G241583E37008N,US2L00213003,RGI60-02.15077,77318976, ,,,exists
G241510E37008N,CA,G241510E37008N,,RGI60-02.15078,33995055, ,,,exists
G241513E37007N,CA,G241513E37007N,,RGI60-02.15079,33995057, ,,,exists
G241506E37009N,CA,G241506E37009N,,RGI60-02.15080,33995047, ,,,exists
G241570E37014N,CA,G241570E37014N,,RGI60-02.15081,33995079, ,2.02E+11,,exists
G241567E37015N,CA,G241567E37015N,,RGI60-02.15082,33995067, ,2.02E+11,,exists
G241288E37019N,CA,G241288E37019N,,RGI60-02.15083,33994881, ,,,exists
G241583E37023N,CA,G241583E37023N,US2L00213005,RGI60-02.15084,77318968, ,2.02E+11,,exists
G241481E37024N,CA,G241481E37024N,,RGI60-02.15085,33994973, ,,,exists
G241389E37022N,CA,G241389E37022N,,RGI60-02.15086,33994919, ,,,exists
G241476E37025N,CA,G241476E37025N,,RGI60-02.15087,33994969, ,,,exists
G241582E37027N,CA,G241582E37027N,,RGI60-02.15088,77318966, ,,,exists
G241526E37028N,CA,G241526E37028N,,RGI60-02.15089,33994991, ,,,exists
G241307E37025N,CA,G241307E37025N,,RGI60-02.15090,33994873, ,,,exists
G241579E37030N,CA,G241579E37030N,,RGI60-02.15091,77318964, ,2.02E+11,,exists
G241522E37034N,CA,G241522E37034N,,RGI60-02.15092,33994965, ,,,exists
G241271E37031N,CA,G241271E37031N,,RGI60-02.15093,33994813, ,,,exists
G241517E37036N,CA,G241517E37036N,,RGI60-02.15094,33994951, ,,,exists
G241264E37033N,CA,G241264E37033N,,RGI60-02.15095,33994805, ,,,exists
G241571E37037N,CA,G241571E37037N,,RGI60-02.15096,77318958, ,2.02E+11,,exists
G241569E37038N,CA,G241569E37038N,US2L00213009,RGI60-02.15097,77318956, ,2.02E+11,,exists
G241388E37041N,CA,G241388E37041N,,RGI60-02.15098,33994863, ,,,exists
G241563E37046N,CA,G241563E37046N,,RGI60-02.15099,77318946, ,2.02E+11,,exists
G241565E37047N,CA,G241565E37047N,,RGI60-02.15100,77318942, ,2.02E+11,,exists
G241547E37049N,CA,G241547E37049N,,RGI60-02.15101,33994931, ,,,exists
G241549E37050N,CA,G241549E37050N,,RGI60-02.15102,33994927, ,,,exists
G241374E37049N,CA,G241374E37049N,,RGI60-02.15103,33994825, ,,,exists
G241568E37051N,CA,G241568E37051N,,RGI60-02.15104,77318932, ,2.02E+11,,exists
G241374E37054N,CA,G241374E37054N,,RGI60-02.15105,33994803, ,,,exists
G241320E37055N,CA,G241320E37055N,,RGI60-02.15106,33994763, ,,,exists
G241369E37058N,CA,G241369E37058N,,RGI60-02.15107,33994787, ,,,exists
G241569E37060N,CA,G241569E37060N,,RGI60-02.15108,77318920, ,2.02E+11,,exists
G241571E37064N,CA,G241571E37064N,,RGI60-02.15109,77318914, ,2.02E+11,,exists
G241563E37064N,CA,G241563E37064N,US2L00213013,RGI60-02.15110,77318910, ,2.02E+11,,exists
G241366E37064N,CA,G241366E37064N,,RGI60-02.15111,33994767, ,,,exists
G241314E37065N,CA,G241314E37065N,US2K04312003,RGI60-02.15112,33994721, ,2.02E+11,,exists
G241366E37068N,CA,G241366E37068N,,RGI60-02.15113,33994749, ,,,exists
G241365E37069N,CA,G241365E37069N,,RGI60-02.15114,33994745, ,,,exists
G241547E37070N,CA,G241547E37070N,US2L00214001,RGI60-02.15115,77318896, ,2.02E+11,,exists
G241538E37070N,Middle Palisade Glacier CA,G241538E37070N,US2L00214002,RGI60-02.15116,77318880, ,2.02E+11,,exists
G241551E37074N,CA,G241551E37074N,,RGI60-02.15117,77318888, ,,,exists
G241314E37072N,CA,G241314E37072N,,RGI60-02.15118,33994699, ,,,exists
G241361E37074N,CA,G241361E37074N,,RGI60-02.15119,33994713, ,,,exists
G241531E37075N,CA,G241531E37075N,US2L00214003,RGI60-02.15120,77318856, ,2.02E+11,,exists
G241539E37078N,CA,G241539E37078N,,RGI60-02.15121,77318860, ,,,exists
G241313E37075N,CA,G241313E37075N,,RGI60-02.15122,33994695, ,,,exists
G241353E37075N,CA,G241353E37075N,US2K04312009,RGI60-02.15123,33994703, ,,,exists
G241309E37076N,CA,G241309E37076N,,RGI60-02.15124,33994689, ,2.02E+11,,exists
G241437E37079N,CA,G241437E37079N,,RGI60-02.15125,33994757, ,,,exists
G241310E37078N,CA,G241310E37078N,US2K04312005,RGI60-02.15126,33994689, ,2.02E+11,,exists
G241512E37083N,CA,G241512E37083N,US2L00214005,RGI60-02.15127,77318842, ,2.02E+11,,exists
G241521E37080N,Norman Clyde Glacier CA,G241521E37080N,US2L00214004,RGI60-02.15128,77318844, ,2.02E+11,,exists
G241515E37086N,CA,G241515E37086N,,RGI60-02.15129,77318838, ,2.02E+11,,exists
G241313E37083N,CA,G241313E37083N,US2K04312006,RGI60-02.15130,33994671, ,2.02E+11,,exists
G241298E37084N,CA,G241298E37084N,,RGI60-02.15131,33994663, ,,,exists
G241525E37088N,CA,G241525E37088N,,RGI60-02.15132,77318840, ,,,exists
G241510E37087N,CA,G241510E37087N,,RGI60-02.15133,77318832, ,2.02E+11,,exists
G241374E37087N,CA,G241374E37087N,,RGI60-02.15134,33994691, ,,,exists
G241531E37090N,CA,G241531E37090N,,RGI60-02.15135,77318836, ,,,exists
G241506E37090N,CA,G241506E37090N,,RGI60-02.15136,77318828, ,2.02E+11,,exists
G241302E37089N,CA,G241302E37089N,,RGI60-02.15137,33994647, ,,,exists
G241330E37090N,CA,G241330E37090N,US2K04312008,RGI60-02.15138,33994667, ,,,exists
G241333E37090N,CA,G241333E37090N,,RGI60-02.15139,33994665, ,,,exists
G241492E37093N,CA,G241492E37093N,US2K04314001,RGI60-02.15140,33994739, ,2.02E+11,,exists
G241288E37091N,CA,G241288E37091N,,RGI60-02.15141,33994631, ,,,exists
G241501E37096N,CA,G241501E37096N,,RGI60-02.15142,77318812, ,2.02E+11,,exists
G241346E37095N,CA,G241346E37095N,,RGI60-02.15143,33994659, ,,,exists
G241497E37098N,CA,G241497E37098N,,RGI60-02.15144,77318808, ,,,exists
G241360E37097N,CA,G241360E37097N,,RGI60-02.15145,33994661, ,2.02E+11,,exists
G241358E37099N,CA,G241358E37099N,,RGI60-02.15146,33994653, ,2.02E+11,,exists
G241373E37101N,CA,G241373E37101N,,RGI60-02.15147,33994657, ,,,exists
G241230E37099N,CA,G241230E37099N,,RGI60-02.15148,33990139, ,,,exists
G241355E37101N,CA,G241355E37101N,US2K04313011,RGI60-02.15149,33994633, ,,,exists
G241500E37105N,CA,G241500E37105N,,RGI60-02.15150,77318804, ,,,exists
G241337E37103N,CA,G241337E37103N,US2K04313015,RGI60-02.15151,33994627, ,,,exists
G241476E37106N,CA,G241476E37106N,,RGI60-02.15152,77318784, ,,,exists
G241472E37107N,CA,G241472E37107N,,RGI60-02.15153,77318776, ,2.02E+11,,exists
G241353E37106N,CA,G241353E37106N,,RGI60-02.15154,33994625, ,2.02E+11,,exists
G241276E37105N,CA,G241276E37105N,US2K04458006,RGI60-02.15155,77258647, ,2.02E+11,,exists
G241501E37110N,CA,G241501E37110N,,RGI60-02.15156,77318788, ,,,exists
G241348E37108N,CA,G241348E37108N,US2K04313013,RGI60-02.15157,33994619, ,2.02E+11,,exists
G241281E37107N,CA,G241281E37107N,US2K04458005,RGI60-02.15158,77258645, ,,,exists
G241515E37111N,CA,G241515E37111N,,RGI60-02.15159,77318794, ,,,exists
G241322E37109N,CA,G241322E37109N,,RGI60-02.15160,77258655, ,,,exists
G241286E37110N,CA,G241286E37110N,US2K04458002,RGI60-02.15161,77258641, ,2.02E+11,,exists
G241297E37108N,CA,G241297E37108N,US2K04458001,RGI60-02.15162,77258643, ,2.02E+11,,exists
G241316E37111N,CA,G241316E37111N,,RGI60-02.15163,77258653, ,,,exists
G241312E37112N,CA,G241312E37112N,US2K04457009,RGI60-02.15164,77258649, ,,,exists
G241512E37114N,CA,G241512E37114N,,RGI60-02.15165,77318778, ,,,exists
G241436E37114N,CA,G241436E37114N,,RGI60-02.15166,120011334, ,,,exists
G241424E37115N,CA,G241424E37115N,,RGI60-02.15167,33994637, ,,,exists
G241348E37112N,CA,G241348E37112N,US2K04313014,RGI60-02.15168,33994605, ,,,exists
G241473E37114N,CA,G241473E37114N,,RGI60-02.15169,77318770, ,,,exists
G241462E37115N,CA,G241462E37115N,US2L00215003,RGI60-02.15170,77318758, ,,,exists
G241465E37115N,CA,G241465E37115N,,RGI60-02.15171,77318760, ,,,exists
G241444E37116N,CA,G241444E37116N,,RGI60-02.15172,77318752, ,,,exists
G241441E37117N,CA,G241441E37117N,,RGI60-02.15173,77318744, ,,,exists
G241271E37121N,CA,G241271E37121N,,RGI60-02.15174,77258637, ,,,exists
G241487E37124N,CA,G241487E37124N,US2L00214013,RGI60-02.15175,77318750, ,,,exists
G241416E37124N,CA,G241416E37124N,,RGI60-02.15176,77318720, ,,,exists
G241431E37125N,CA,G241431E37125N,US2L00215007,RGI60-02.15177,77318728, ,,,exists
G241211E37123N,CA,G241211E37123N,,RGI60-02.15178,,,,,exists
G241265E37123N,CA,G241265E37123N,,RGI60-02.15179,77258633, ,,,exists
G241439E37127N,CA,G241439E37127N,,RGI60-02.15180,77318726, ,,,exists
G241421E37127N,CA,G241421E37127N,,RGI60-02.15181,77318718, ,,,exists
G241464E37128N,CA,G241464E37128N,,RGI60-02.15182,77318738, ,,,exists
G241471E37129N,CA,G241471E37129N,,RGI60-02.15183,77318734, ,,,exists
G241409E37130N,CA,G241409E37130N,,RGI60-02.15184,33994591, ,,,exists
G241344E37130N,CA,G241344E37130N,,RGI60-02.15185,33994555, ,,,exists
G241414E37131N,CA,G241414E37131N,,RGI60-02.15186,77318712, ,2.02E+11,,exists
G241325E37132N,CA,G241325E37132N,,RGI60-02.15187,77258639, ,2.02E+11,,exists
G241323E37131N,Mount Warlow Glacier CA,G241323E37131N,,RGI60-02.15188,77258635, ,2.02E+11,,exists
G241382E37135N,CA,G241382E37135N,,RGI60-02.15189,33994567, ,,,exists
G241412E37136N,CA,G241412E37136N,,RGI60-02.15190,77318704, ,,,exists
G241379E37137N,CA,G241379E37137N,,RGI60-02.15191,33994559, ,,,exists
G241342E37137N,CA,G241342E37137N,,RGI60-02.15192,33994537, ,,,exists
G241379E37138N,CA,G241379E37138N,,RGI60-02.15193,33994551, ,,,exists
G241357E37139N,CA,G241357E37139N,,RGI60-02.15194,77318662, ,,,exists
G241334E37139N,Mount Fiske Glacier CA,G241334E37139N,US2K04457005,RGI60-02.15195,77258625, ,,,exists
G241338E37140N,CA,G241338E37140N,,RGI60-02.15196,77258629, ,,,exists
G241402E37139N,CA,G241402E37139N,US2L00215010,RGI60-02.15197,77318688, ,2.02E+11,,exists
G241350E37142N,CA,G241350E37142N,,RGI60-02.15198,77318646, ,,,exists
G241317E37141N,CA,G241317E37141N,US2K04457007,RGI60-02.15199,77258623, ,,,exists
G241341E37142N,CA,G241341E37142N,,RGI60-02.15200,77258627, ,,,exists
G241354E37142N,CA,G241354E37142N,,RGI60-02.15201,77318648, ,,,exists
G241264E37141N,CA,G241264E37141N,,RGI60-02.15202,77258617, ,,,exists
G241370E37140N,Powell Glacier CA,G241370E37140N,US2L00215015,RGI60-02.15203,77318664, ,2.02E+11,,exists
G241394E37142N,CA,G241394E37142N,US2L00215011,RGI60-02.15204,77318678, ,2.02E+11,,exists
G241364E37141N,CA,G241364E37141N,,RGI60-02.15205,77318652, ,,,exists
G241348E37143N,CA,G241348E37143N,US2L00215018,RGI60-02.15206,77318630, ,,,exists
G241258E37143N,CA,G241258E37143N,,RGI60-02.15207,77258615, ,,,exists
G241394E37148N,CA,G241394E37148N,,RGI60-02.15208,77318658, ,,,exists
G241377E37147N,CA,G241377E37147N,US2L00215014,RGI60-02.15209,77318636, ,,,exists
G241251E37147N,CA,G241251E37147N,,RGI60-02.15210,77258607, ,,,exists
G241254E37147N,CA,G241254E37147N,,RGI60-02.15211,77258609, ,,,exists
G241340E37149N,CA,G241340E37149N,,RGI60-02.15212,77318612, ,,,exists
G241388E37151N,CA,G241388E37151N,,RGI60-02.15213,77318632, ,,,exists
G241342E37152N,CA,G241342E37152N,,RGI60-02.15214,77318600, ,,,exists
G241347E37153N,CA,G241347E37153N,,RGI60-02.15215,77318602, ,,,exists
G241338E37153N,CA,G241338E37153N,US2L00215022,RGI60-02.15216,77318592, ,,,exists
G241462E37156N,CA,G241462E37156N,,RGI60-02.15217,77318674, ,,,exists
G241196E37153N,CA,G241196E37153N,,RGI60-02.15218,77258581, ,,,exists
G241241E37157N,CA,G241241E37157N,,RGI60-02.15219,77258593, ,,,exists
G241338E37161N,CA,G241338E37161N,,RGI60-02.15220,77318584, ,2.02E+11,,exists
G241334E37163N,CA,G241334E37163N,US2L00215024,RGI60-02.15221,77318580, ,2.02E+11,,exists
G241237E37169N,CA,G241237E37169N,,RGI60-02.15222,77258573, ,,,exists
G241239E37168N,CA,G241239E37168N,US2K04457015,RGI60-02.15223,77258575, ,,,exists
G241230E37171N,CA,G241230E37171N,,RGI60-02.15224,77258567, ,,,exists
G241317E37179N,CA,G241317E37179N,US2K04457003,RGI60-02.15225,77258577, ,2.02E+11,,exists
G241338E37181N,CA,G241338E37181N,,RGI60-02.15226,77318560, ,,,exists
G241336E37181N,CA,G241336E37181N,,RGI60-02.15227,77318558, ,,,exists
G241172E37185N,CA,G241172E37185N,,RGI60-02.15228,77258543, ,,,exists
G241175E37186N,CA,G241175E37186N,,RGI60-02.15229,77258539, ,,,exists
G241332E37191N,CA,G241332E37191N,,RGI60-02.15230,77318552, ,,,exists
G241339E37195N,CA,G241339E37195N,,RGI60-02.15231,77318548, ,,,exists
G241331E37198N,CA,G241331E37198N,,RGI60-02.15232,77318542, ,2.02E+11,,exists
G241329E37201N,CA,G241329E37201N,,RGI60-02.15233,77318538, ,,,exists
G241344E37203N,CA,G241344E37203N,,RGI60-02.15234,77318540, ,,,exists
G241324E37203N,CA,G241324E37203N,,RGI60-02.15235,77318530, ,,,exists
G241297E37209N,CA,G241297E37209N,,RGI60-02.15236,77258541, ,2.02E+11,,exists
G241289E37210N,Goethe Glacier CA,G241289E37210N,US2K04456007,RGI60-02.15237,77258525, ,2.02E+11,,exists
G241329E37214N,CA,G241329E37214N,,RGI60-02.15238,77318524, ,,,exists
G241332E37215N,CA,G241332E37215N,,RGI60-02.15239,77318526, ,,,exists
G241300E37214N,CA,G241300E37214N,,RGI60-02.15240,77258529, ,,,exists
G241315E37214N,CA,G241315E37214N,,RGI60-02.15241,77258537, ,2.02E+11,,exists
G241287E37216N,CA,G241287E37216N,,RGI60-02.15242,77258521, ,2.02E+11,,exists
G241318E37216N,CA,G241318E37216N,,RGI60-02.15243,77258533, ,,,exists
G241324E37216N,CA,G241324E37216N,,RGI60-02.15244,77318522, ,2.02E+11,,exists
G241282E37215N,CA,G241282E37215N,US2K04456008,RGI60-02.15245,77258519, ,2.02E+11,,exists
G241322E37222N,CA,G241322E37222N,,RGI60-02.15246,77318518, ,,,exists
G241308E37222N,CA,G241308E37222N,,RGI60-02.15247,77258517, ,,,exists
G241265E37223N,Matthes Glaciers CA,G241265E37223N,US2K04456010,RGI60-02.15248,77258501, ,,,exists
G241269E37223N,Matthes Glaciers CA,G241269E37223N,US2K04456009,RGI60-02.15249,77258505, ,,,exists
G241260E37224N,Matthes Glaciers CA,G241260E37224N,US2K04456011,RGI60-02.15250,77258493, ,,,exists
G241255E37224N,Matthes Glaciers CA,G241255E37224N,,RGI60-02.15251,77258491, ,2.02E+11,,exists
G241244E37225N,Matthes Glaciers CA,G241244E37225N,US2K04456014,RGI60-02.15252,77258483, ,,,exists
G241272E37226N,CA,G241272E37226N,,RGI60-02.15253,77258497, ,,,exists
G241250E37225N,Matthes Glaciers CA,G241250E37225N,,RGI60-02.15254,77258485, ,2.02E+11,,exists
G241245E37226N,CA,G241245E37226N,,RGI60-02.15255,77258481, ,,,exists
G241241E37229N,Matthes Glaciers CA,G241241E37229N,,RGI60-02.15256,77258465, ,2.02E+11,,exists
G241237E37231N,Matthes Glaciers CA,G241237E37231N,,RGI60-02.15257,77258453, ,2.02E+11,,exists
G241233E37233N,Matthes Glaciers CA,G241233E37233N,US2K04456016,RGI60-02.15258,77258429, ,2.02E+11,,exists
G241230E37238N,CA,G241230E37238N,,RGI60-02.15259,77258389, ,2.02E+11,,exists
G241224E37238N,CA,G241224E37238N,US2K04456018,RGI60-02.15260,77258379, ,2.02E+11,,exists
G241345E37246N,CA,G241345E37246N,,RGI60-02.15261,77318516, ,,,exists
G241339E37248N,CA,G241339E37248N,,RGI60-02.15262,77318514, ,,,exists
G241625E36922N,CA,G241625E36922N,US2L00212006,RGI60-02.15263,,,,,exists
G241356E36875N,CA,G241356E36875N,,RGI60-02.15264,33995271, ,,,exists
G241373E36873N,CA,G241373E36873N,,RGI60-02.15265,33995283, ,,,exists
G241370E36871N,CA,G241370E36871N,,RGI60-02.15266,33995287, ,,,exists
G241354E36868N,CA,G241354E36868N,,RGI60-02.15267,33995291, ,,,exists
G241358E36863N,CA,G241358E36863N,,RGI60-02.15268,33995303, ,,,exists
G241363E36868N,CA,G241363E36868N,,RGI60-02.15269,33995295, ,,,exists
G241367E36862N,CA,G241367E36862N,,RGI60-02.15270,33995305, ,,,exists
G241370E36858N,CA,G241370E36858N,,RGI60-02.15271,33995321, ,,,exists
G241372E36855N,CA,G241372E36855N,,RGI60-02.15272,33995325, ,,,exists
G241289E37338N,CA,G241289E37338N,,RGI60-02.15273,77318458, ,,,exists
G241291E37338N,CA,G241291E37338N,,RGI60-02.15274,77318460, ,,,exists
G241283E37335N,CA,G241283E37335N,,RGI60-02.15275,77318464, ,,,exists
G241252E37324N,CA,G241252E37324N,,RGI60-02.15276,77318468, ,,,exists
G241295E37315N,CA,G241295E37315N,,RGI60-02.15277,77318476, ,,,exists
G241300E37311N,CA,G241300E37311N,,RGI60-02.15278,77318478, ,2.02E+11,,exists
G241298E37312N,CA,G241298E37312N,,RGI60-02.15279,77318480, ,,,exists
G241304E37309N,CA,G241304E37309N,,RGI60-02.15280,77318482, ,2.02E+11,,exists
G241302E37308N,CA,G241302E37308N,,RGI60-02.15281,77318484, ,2.02E+11,,exists
G241313E37301N,CA,G241313E37301N,,RGI60-02.15282,77318486, ,,,exists
G241313E37296N,CA,G241313E37296N,,RGI60-02.15283,77318488, ,2.02E+11,,exists
G241315E37292N,CA,G241315E37292N,,RGI60-02.15284,77318494, ,2.02E+11,,exists
G241327E37287N,CA,G241327E37287N,,RGI60-02.15285,77318500, ,,,exists
G241319E37282N,CA,G241319E37282N,,RGI60-02.15286,77318502, ,2.02E+11,,exists
G241327E37279N,CA,G241327E37279N,,RGI60-02.15287,77318504, ,2.02E+11,,exists
G241329E37274N,CA,G241329E37274N,,RGI60-02.15288,77318506, ,2.02E+11,,exists
G241333E37268N,CA,G241333E37268N,US2L00216002,RGI60-02.15289,77318508, ,,,exists
G241343E37261N,CA,G241343E37261N,US2L00216001,RGI60-02.15290,77318512, ,,,exists
G241329E37297N,CA,G241329E37297N,,RGI60-02.15291,77318490, ,,,exists
G241144E37497N,CA,G241144E37497N,,RGI60-02.15292,77318258, ,,,exists
G241137E37494N,CA,G241137E37494N,,RGI60-02.15293,77257861, ,,,exists
G241138E37492N,CA,G241138E37492N,,RGI60-02.15294,77257863, ,,,exists
G241145E37491N,CA,G241145E37491N,,RGI60-02.15295,77318278, ,,,exists
G241197E37491N,CA,G241197E37491N,,RGI60-02.15296,77318296, ,,,exists
G241201E37491N,CA,G241201E37491N,,RGI60-02.15297,77318298, ,,,exists
G241142E37490N,CA,G241142E37490N,,RGI60-02.15298,77318282, ,,,exists
G241178E37488N,CA,G241178E37488N,,RGI60-02.15299,77318294, ,,,exists
G241142E37481N,CA,G241142E37481N,,RGI60-02.15300,77257881, ,,,exists
G241134E37481N,CA,G241134E37481N,,RGI60-02.15301,77257879, ,,,exists
G241168E37482N,CA,G241168E37482N,US2L00217014,RGI60-02.15302,77318306, ,,,exists
G241180E37481N,CA,G241180E37481N,,RGI60-02.15303,77257911, ,,,exists
G241151E37479N,CA,G241151E37479N,,RGI60-02.15304,77318302, ,,,exists
G241151E37478N,CA,G241151E37478N,,RGI60-02.15305,77318304, ,,,exists
G241217E37479N,CA,G241217E37479N,,RGI60-02.15306,77318314, ,,,exists
G241136E37477N,CA,G241136E37477N,,RGI60-02.15307,77257893, ,,,exists
G241181E37477N,CA,G241181E37477N,,RGI60-02.15308,77257919, ,,,exists
G241189E37466N,CA,G241189E37466N,,RGI60-02.15309,77257929, ,,,exists
G241234E37459N,CA,G241234E37459N,,RGI60-02.15310,77318322, ,,,exists
G241130E37441N,CA,G241130E37441N,,RGI60-02.15311,77257939, ,,,exists
G241180E37415N,CA,G241180E37415N,,RGI60-02.15312,77257949, ,,,exists
G241177E37415N,CA,G241177E37415N,,RGI60-02.15313,77257947, ,,,exists
G241185E37413N,CA,G241185E37413N,,RGI60-02.15314,77257951, ,,,exists
G241219E37411N,CA,G241219E37411N,,RGI60-02.15315,77318340, ,,,exists
G241196E37407N,CA,G241196E37407N,,RGI60-02.15316,77257961, ,,,exists
G241191E37407N,CA,G241191E37407N,US2K04454008,RGI60-02.15317,77257959, ,,,exists
G241199E37404N,CA,G241199E37404N,,RGI60-02.15318,77257967, ,,,exists
G241205E37399N,CA,G241205E37399N,,RGI60-02.15319,77257971, ,,,exists
G241209E37397N,CA,G241209E37397N,US2K04454004,RGI60-02.15320,77257975, ,2.02E+11,,exists
G241132E37397N,CA,G241132E37397N,,RGI60-02.15321,77257953, ,,,exists
G241220E37397N,CA,G241220E37397N,,RGI60-02.15322,77318348, ,,,exists
G241135E37395N,CA,G241135E37395N,US2K04454017,RGI60-02.15323,77257963, ,,,exists
G241215E37392N,CA,G241215E37392N,,RGI60-02.15324,77318350, ,,,exists
G241219E37392N,CA,G241219E37392N,,RGI60-02.15325,77318358, ,,,exists
G241224E37392N,CA,G241224E37392N,,RGI60-02.15326,77318362, ,,,exists
G241221E37391N,CA,G241221E37391N,,RGI60-02.15327,77318366, ,,,exists
G241207E37389N,CA,G241207E37389N,,RGI60-02.15328,,,,,exists
G241220E37386N,CA,G241220E37386N,US2L00217007,RGI60-02.15329,77318374, ,2.02E+11,,exists
G241211E37387N,CA,G241211E37387N,,RGI60-02.15330,77257987, ,,,exists
G241145E37385N,CA,G241145E37385N,US2K04454016,RGI60-02.15331,77257979, ,,,exists
G241141E37385N,CA,G241141E37385N,,RGI60-02.15332,77257977, ,,,exists
G241188E37383N,CA,G241188E37383N,,RGI60-02.15333,77257985, ,,,exists
G241148E37382N,CA,G241148E37382N,,RGI60-02.15334,77257981, ,,,exists
G241229E37383N,CA,G241229E37383N,,RGI60-02.15335,77318376, ,,,exists
G241151E37381N,CA,G241151E37381N,,RGI60-02.15336,77257983, ,,,exists
G241193E37381N,CA,G241193E37381N,US2K04454012,RGI60-02.15337,77257989, ,,,exists
G241199E37380N,CA,G241199E37380N,,RGI60-02.15338,77257993, ,2.02E+11,,exists
G241234E37378N,CA,G241234E37378N,,RGI60-02.15339,77318398, ,,,exists
G241223E37377N,CA,G241223E37377N,,RGI60-02.15340,77318392, ,2.02E+11,,exists
G241236E37377N,CA,G241236E37377N,,RGI60-02.15341,77318402, ,,,exists
G241231E37375N,CA,G241231E37375N,,RGI60-02.15342,77318400, ,,,exists
G241245E37376N,CA,G241245E37376N,,RGI60-02.15343,77318408, ,,,exists
G241168E37372N,CA,G241168E37372N,,RGI60-02.15344,77257995, ,,,exists
G241237E37372N,CA,G241237E37372N,,RGI60-02.15345,77318420, ,2.02E+11,,exists
G241179E37370N,CA,G241179E37370N,,RGI60-02.15346,77258001, ,,,exists
G241173E37370N,CA,G241173E37370N,,RGI60-02.15347,77257999, ,,,exists
G241236E37369N,CA,G241236E37369N,,RGI60-02.15348,77318422, ,,,exists
G241241E37367N,CA,G241241E37367N,,RGI60-02.15349,77318428, ,,,exists
G241235E37363N,CA,G241235E37363N,,RGI60-02.15350,77318434, ,,,exists
G241223E37361N,CA,G241223E37361N,,RGI60-02.15351,77258025, ,,,exists
G241229E37360N,CA,G241229E37360N,,RGI60-02.15352,77258029, ,,,exists
G241201E37347N,CA,G241201E37347N,,RGI60-02.15353,77258037, ,,,exists
G241206E37345N,CA,G241206E37345N,,RGI60-02.15354,77258041, ,,,exists
G241210E37344N,CA,G241210E37344N,,RGI60-02.15355,77258043, ,,,exists
G241218E37340N,CA,G241218E37340N,US2L00216015,RGI60-02.15356,77318442, ,,,exists
G241222E37336N,CA,G241222E37336N,US2L00216014,RGI60-02.15357,77318452, ,,,exists
G241222E37328N,CA,G241222E37328N,US2K04456003,RGI60-02.15358,77258053, ,,,exists
G241228E37327N,CA,G241228E37327N,,RGI60-02.15359,77258059, ,,,exists
G241227E37325N,CA,G241227E37325N,,RGI60-02.15360,77258063, ,,,exists
G241233E37324N,CA,G241233E37324N,,RGI60-02.15361,77258067, ,,,exists
G241232E37322N,CA,G241232E37322N,,RGI60-02.15362,77258069, ,,,exists
G241233E37313N,CA,G241233E37313N,,RGI60-02.15363,77258101, ,,,exists
G241172E37308N,CA,G241172E37308N,,RGI60-02.15364,77258081, ,,,exists
G241174E37307N,CA,G241174E37307N,,RGI60-02.15365,77258089, ,,,exists
G241186E37301N,CA,G241186E37301N,,RGI60-02.15366,77258111, ,,,exists
G241195E37300N,CA,G241195E37300N,,RGI60-02.15367,77258125, ,,,exists
G241184E37299N,CA,G241184E37299N,,RGI60-02.15368,77258117, ,,,exists
G241209E37285N,CA,G241209E37285N,,RGI60-02.15369,77258167, ,,,exists
G241090E37478N,CA,G241090E37478N,US2K04453010,RGI60-02.15370,77257873, ,,,exists
G241108E37471N,CA,G241108E37471N,US2K04453008,RGI60-02.15371,77257897, ,,,exists
G241101E37471N,CA,G241101E37471N,,RGI60-02.15372,77257889, ,,,exists
G241085E37467N,CA,G241085E37467N,,RGI60-02.15373,77257899, ,,,exists
G241115E37467N,CA,G241115E37467N,,RGI60-02.15374,77257915, ,,,exists
G241103E37294N,CA,G241103E37294N,,RGI60-02.15375,77258085, ,,,exists
G241272E37414N,CA,G241272E37414N,,RGI60-02.15376,77318346, ,,,exists
G241096E37529N,CA,G241096E37529N,,RGI60-02.15377,,,,,exists
G241233E37371N,CA,G241233E37371N,,RGI60-02.15378,77318416, ,,,exists
G241145E37565N,CA,G241145E37565N,,RGI60-02.15379,77318202, ,,,exists
G241152E37543N,CA,G241152E37543N,US2L00217018,RGI60-02.15380,77318210, ,,,exists
G241124E37517N,CA,G241124E37517N,,RGI60-02.15381,77318220, ,,,exists
G241124E37515N,CA,G241124E37515N,,RGI60-02.15382,77318222, ,,,exists
G241199E37517N,CA,G241199E37517N,,RGI60-02.15383,77318244, ,,,exists
G241129E37513N,CA,G241129E37513N,US2L00217022,RGI60-02.15384,77318224, ,2.02E+11,,exists
G241208E37515N,CA,G241208E37515N,,RGI60-02.15385,77318250, ,,,exists
G241133E37511N,CA,G241133E37511N,US2L00217021,RGI60-02.15386,77318230, ,2.02E+11,,exists
G241125E37509N,CA,G241125E37509N,,RGI60-02.15387,77318232, ,,,exists
G241140E37508N,CA,G241140E37508N,US2L00217020,RGI60-02.15388,77318238, ,2.02E+11,,exists
G241146E37507N,CA,G241146E37507N,,RGI60-02.15389,77318242, ,,,exists
G241148E37504N,CA,G241148E37504N,,RGI60-02.15390,77318248, ,,,exists
G241002E37571N,CA,G241002E37571N,,RGI60-02.15391,77318184, ,,,exists
G241018E37566N,CA,G241018E37566N,,RGI60-02.15392,77318188, ,,,exists
G241056E37564N,CA,G241056E37564N,,RGI60-02.15393,77318196, ,,,exists
G241091E37562N,CA,G241091E37562N,,RGI60-02.15394,77318198, ,,,exists
G241018E37554N,CA,G241018E37554N,,RGI60-02.15395,77257673, ,,,exists
G241091E37529N,CA,G241091E37529N,,RGI60-02.15396,77257761, ,2.02E+11,,exists
G241102E37526N,CA,G241102E37526N,,RGI60-02.15397,77318212, ,,,exists
G241085E37525N,CA,G241085E37525N,,RGI60-02.15398,77257787, ,,,exists
G241116E37512N,CA,G241116E37512N,,RGI60-02.15399,77257835, ,,,exists
G240793E37818N,CA,G240793E37818N,,RGI60-02.15400,80458436, ,,,exists
G240811E37819N,CA,G240811E37819N,,RGI60-02.15401,80458440, ,,,exists
G240808E37818N,CA,G240808E37818N,,RGI60-02.15402,80458442, ,2.02E+11,,exists
G240833E37817N,CA,G240833E37817N,,RGI60-02.15403,80458448, ,,,exists
G240804E37816N,CA,G240804E37816N,,RGI60-02.15404,80458446, ,2.02E+11,,exists
G240793E37815N,CA,G240793E37815N,US2L00222005,RGI60-02.15405,80458438, ,2.02E+11,,exists
G240837E37816N,CA,G240837E37816N,,RGI60-02.15406,80458450, ,,,exists
G240781E37721N,CA,G240781E37721N,,RGI60-02.15407,80458528, ,,,exists
G240739E37848N,CA,G240739E37848N,,RGI60-02.15408,66761519, ,,,exists
G240742E37847N,CA,G240742E37847N,,RGI60-02.15409,66761521, ,,,exists
G240633E37805N,CA,G240633E37805N,,RGI60-02.15410,66492585, ,,,exists
G240683E37796N,CA,G240683E37796N,,RGI60-02.15411,66761529, ,,,exists
G240706E37790N,CA,G240706E37790N,,RGI60-02.15412,66761531, ,,,exists
G240709E37789N,CA,G240709E37789N,,RGI60-02.15413,66761533, ,,,exists
G240667E37786N,CA,G240667E37786N,,RGI60-02.15414,66492593, ,,,exists
G240686E37783N,CA,G240686E37783N,,RGI60-02.15415,66492601, ,,,exists
G240682E37781N,CA,G240682E37781N,,RGI60-02.15416,66492599, ,,,exists
G240703E37774N,CA,G240703E37774N,,RGI60-02.15417,66761541, ,,,exists
G240706E37769N,CA,G240706E37769N,,RGI60-02.15418,{62254B91-5123-4126-8DE1-C908C7AD592A}, ,,,exists
G240706E37767N,CA,G240706E37767N,,RGI60-02.15419,66761547, ,,,exists
G240708E37765N,CA,G240708E37765N,,RGI60-02.15420,66761549, ,,,exists
G240702E37763N,CA,G240702E37763N,,RGI60-02.15421,66492621, ,,,exists
G240694E37763N,CA,G240694E37763N,,RGI60-02.15422,,,,,exists
G240704E37763N,CA,G240704E37763N,,RGI60-02.15423,66492623, ,,,exists
G240698E37762N,CA,G240698E37762N,,RGI60-02.15424,66492627, ,,,exists
G240684E37761N,CA,G240684E37761N,,RGI60-02.15425,66492619, ,,,exists
G240673E37759N,CA,G240673E37759N,,RGI60-02.15426,66492617, ,,,exists
G240684E37759N,CA,G240684E37759N,,RGI60-02.15427,66492629, ,,,exists
G240710E37758N,CA,G240710E37758N,US2K04435007,RGI60-02.15428,66761551, ,,,exists
G240679E37758N,CA,G240679E37758N,,RGI60-02.15429,66492625, ,,,exists
G240691E37757N,CA,G240691E37757N,,RGI60-02.15430,66492635, ,,,exists
G240715E37757N,CA,G240715E37757N,,RGI60-02.15431,66761553, ,,,exists
G240718E37758N,CA,G240718E37758N,,RGI60-02.15432,66761557, ,,,exists
G240723E37757N,CA,G240723E37757N,,RGI60-02.15433,66761559, ,,,exists
G240696E37756N,CA,G240696E37756N,,RGI60-02.15434,66492639, ,,,exists
G240703E37754N,CA,G240703E37754N,US2K04441005,RGI60-02.15435,66492645, ,,,exists
G240720E37752N,CA,G240720E37752N,US2K04435004,RGI60-02.15436,66761561, ,,,exists
G240712E37752N,CA,G240712E37752N,US2K04435006,RGI60-02.15437,66761563, ,,,exists
G240715E37750N,CA,G240715E37750N,,RGI60-02.15438,66761565, ,,,exists
G240724E37750N,CA,G240724E37750N,,RGI60-02.15439,66761569, ,,,exists
G240728E37749N,CA,G240728E37749N,,RGI60-02.15440,66761571, ,,,exists
G240756E37731N,CA,G240756E37731N,US2L00221007,RGI60-02.15441,80458494, ,,,exists
G240754E37731N,CA,G240754E37731N,,RGI60-02.15442,80458498, ,,,exists
G240760E37730N,CA,G240760E37730N,US2L00221006,RGI60-02.15443,80458504, ,,,exists
G240764E37725N,CA,G240764E37725N,,RGI60-02.15444,80458510, ,,,exists
G240774E37719N,CA,G240774E37719N,,RGI60-02.15445,80458526, ,,,exists
G240779E37717N,CA,G240779E37717N,,RGI60-02.15446,77256857, ,,,exists
G240783E37716N,CA,G240783E37716N,,RGI60-02.15447,77256859, ,,,exists
G240751E37715N,CA,G240751E37715N,,RGI60-02.15448,77256847, ,,,exists
G240789E37713N,CA,G240789E37713N,,RGI60-02.15449,77256867, ,,,exists
G240783E37712N,CA,G240783E37712N,US2K04451007,RGI60-02.15450,77256871, ,,,exists
G240792E37712N,CA,G240792E37712N,,RGI60-02.15451,77256875, ,,,exists
G240782E37711N,CA,G240782E37711N,,RGI60-02.15452,77256873, ,,,exists
G240789E37709N,CA,G240789E37709N,,RGI60-02.15453,77256883, ,,,exists
G240778E37710N,CA,G240778E37710N,,RGI60-02.15454,77256877, ,,,exists
G240787E37707N,CA,G240787E37707N,,RGI60-02.15455,77256899, ,,,exists
G240750E37704N,CA,G240750E37704N,,RGI60-02.15456,77256879, ,,,exists
G240798E37705N,CA,G240798E37705N,,RGI60-02.15457,77256913, ,,,exists
G240753E37703N,CA,G240753E37703N,,RGI60-02.15458,77256885, ,,,exists
G240801E37703N,CA,G240801E37703N,,RGI60-02.15459,77256915, ,,,exists
G240752E37702N,CA,G240752E37702N,,RGI60-02.15460,77256887, ,,,exists
G240805E37701N,CA,G240805E37701N,US2K04452022,RGI60-02.15461,77256923, ,,,exists
G240781E37702N,CA,G240781E37702N,,RGI60-02.15462,77256905, ,,,exists
G240808E37699N,CA,G240808E37699N,US2K04452020,RGI60-02.15463,77256929, ,,,exists
G240801E37699N,CA,G240801E37699N,US2K04451008,RGI60-02.15464,77256925, ,,,exists
G240798E37694N,CA,G240798E37694N,US2K04451009,RGI60-02.15465,77256931, ,2.02E+11,,exists
G240811E37697N,CA,G240811E37697N,,RGI60-02.15466,77256933, ,,,exists
G240815E37697N,CA,G240815E37697N,,RGI60-02.15467,77256937, ,,,exists
G240805E37692N,CA,G240805E37692N,US2K04452019,RGI60-02.15468,77256949, ,2.02E+11,,exists
G240810E37691N,CA,G240810E37691N,,RGI60-02.15469,77256953, ,,,exists
G240813E37688N,CA,G240813E37688N,,RGI60-02.15470,77256969, ,,,exists
G240797E37687N,CA,G240797E37687N,,RGI60-02.15471,77256959, ,,,exists
G240806E37685N,CA,G240806E37685N,,RGI60-02.15472,77256977, ,2.02E+11,,exists
G240792E37684N,CA,G240792E37684N,,RGI60-02.15473,77256963, ,,,exists
G240804E37683N,CA,G240804E37683N,US2K04452017,RGI60-02.15474,77256973, ,2.02E+11,,exists
G240809E37685N,CA,G240809E37685N,,RGI60-02.15475,77256981, ,,,exists
G240812E37683N,CA,G240812E37683N,,RGI60-02.15476,77256987, ,,,exists
G240795E37679N,CA,G240795E37679N,US2K04451011,RGI60-02.15477,77256975, ,2.02E+11,,exists
G240809E37682N,CA,G240809E37682N,,RGI60-02.15478,77256989, ,,,exists
G240809E37678N,CA,G240809E37678N,US2K04452014,RGI60-02.15479,77257013, ,,,exists
G240857E37678N,CA,G240857E37678N,US2K04452007,RGI60-02.15480,77257057, ,,,exists
G240809E37674N,CA,G240809E37674N,,RGI60-02.15481,77257031, ,,,exists
G240811E37673N,CA,G240811E37673N,,RGI60-02.15482,77257039, ,,,exists
G240814E37673N,CA,G240814E37673N,,RGI60-02.15483,77257045, ,,,exists
G240822E37671N,CA,G240822E37671N,,RGI60-02.15484,77257061, ,,,exists
G240816E37670N,CA,G240816E37670N,US2K04452011,RGI60-02.15485,77257049, ,,,exists
G240827E37667N,CA,G240827E37667N,US2K04452008,RGI60-02.15486,77257085, ,,,exists
G240823E37664N,CA,G240823E37664N,,RGI60-02.15487,77257089, ,,,exists
G240824E37665N,CA,G240824E37665N,,RGI60-02.15488,77257101, ,,,exists
G240815E37664N,CA,G240815E37664N,,RGI60-02.15489,77257095, ,,,exists
G240823E37659N,CA,G240823E37659N,,RGI60-02.15490,77257119, ,,,exists
G240817E37658N,CA,G240817E37658N,US2K04451013,RGI60-02.15491,77257117, ,,,exists
G240830E37657N,CA,G240830E37657N,US2K04451014,RGI60-02.15492,77257135, ,,,exists
G240834E37657N,CA,G240834E37657N,,RGI60-02.15493,77257137, ,,,exists
G240835E37648N,CA,G240835E37648N,,RGI60-02.15494,77257167, ,,,exists
G240833E37647N,CA,G240833E37647N,,RGI60-02.15495,77257175, ,,,exists
G240839E37646N,CA,G240839E37646N,,RGI60-02.15496,77257193, ,,,exists
G240834E37646N,CA,G240834E37646N,,RGI60-02.15497,77257185, ,,,exists
G240836E37646N,CA,G240836E37646N,,RGI60-02.15498,77257191, ,,,exists
G240673E37785N,CA,G240673E37785N,,RGI60-02.15499,66492595, ,,,exists
G240717E37747N,Maclure Glacier CA,G240717E37747N,US2K04435005,RGI60-02.15500,66761567,251984,2.02E+11,,exists
G240695E37748N,CA,G240695E37748N,,RGI60-02.15501,66492661, ,,,exists
G240700E37748N,CA,G240700E37748N,,RGI60-02.15502,66492671, ,,,exists
G240747E37749N,CA,G240747E37749N,,RGI60-02.15503,80458454, ,,,exists
G240741E37748N,CA,G240741E37748N,,RGI60-02.15504,66761585, ,,,exists
G240744E37747N,CA,G240744E37747N,,RGI60-02.15505,66761587, ,,,exists
G240725E37747N,CA,G240725E37747N,,RGI60-02.15506,66761575, ,2.02E+11,,exists
G240728E37743N,Lyell Glacier CA,G240728E37743N,US2K04435002,RGI60-02.15507,66761579, ,2.02E+11,,exists
G240736E37744N,Lyell Glacier CA,G240736E37744N,,RGI60-02.15508,66761583, ,2.02E+11,,exists
G240682E37744N,CA,G240682E37744N,,RGI60-02.15509,66492675, ,,,exists
G240699E37744N,CA,G240699E37744N,,RGI60-02.15510,66492693, ,,,exists
G240722E37744N,CA,G240722E37744N,,RGI60-02.15511,66761581, ,2.02E+11,,exists
G240709E37744N,CA,G240709E37744N,,RGI60-02.15512,66492723, ,,,exists
G240707E37743N,CA,G240707E37743N,,RGI60-02.15513,66492715, ,,,exists
G240679E37742N,CA,G240679E37742N,US2K04441009,RGI60-02.15514,66492683, ,,,exists
G240752E37744N,CA,G240752E37744N,,RGI60-02.15515,80458466, ,,,exists
G240683E37742N,CA,G240683E37742N,,RGI60-02.15516,66492691, ,,,exists
G240724E37740N,CA,G240724E37740N,,RGI60-02.15517,66761591, ,,,exists
G240725E37738N,CA,G240725E37738N,,RGI60-02.15518,66492767, ,,,exists
G240736E37737N,CA,G240736E37737N,US2L00221013,RGI60-02.15519,80458480, ,2.02E+11,,exists
G240744E37737N,CA,G240744E37737N,,RGI60-02.15520,80458482, ,,,exists
G240723E37737N,CA,G240723E37737N,,RGI60-02.15521,66492779, ,,,exists
G240740E37734N,CA,G240740E37734N,,RGI60-02.15522,80458484, ,,,exists
G240725E37734N,CA,G240725E37734N,,RGI60-02.15523,66492799, ,,,exists
G240721E37732N,CA,G240721E37732N,,RGI60-02.15524,66492805, ,,,exists
G240750E37731N,CA,G240750E37731N,,RGI60-02.15525,80458500, ,,,exists
G240742E37729N,CA,G240742E37729N,,RGI60-02.15526,80458492, ,2.02E+11,,exists
G240749E37726N,CA,G240749E37726N,,RGI60-02.15527,77256829, ,,,exists
G240742E37722N,CA,G240742E37722N,,RGI60-02.15528,77256835, ,,,exists
G240705E37721N,CA,G240705E37721N,,RGI60-02.15529,66492837, ,,,exists
G240745E37716N,CA,G240745E37716N,,RGI60-02.15530,77256843, ,,,exists
G240734E37717N,CA,G240734E37717N,,RGI60-02.15531,66492857, ,,,exists
G240738E37711N,CA,G240738E37711N,,RGI60-02.15532,77256851, ,,,exists
G240740E37709N,CA,G240740E37709N,,RGI60-02.15533,77256861, ,,,exists
G240742E37707N,CA,G240742E37707N,,RGI60-02.15534,77256863, ,,,exists
G240738E37706N,CA,G240738E37706N,,RGI60-02.15535,,,,,exists
G240746E37704N,CA,G240746E37704N,,RGI60-02.15536,77256869, ,,,exists
G240736E37703N,CA,G240736E37703N,,RGI60-02.15537,,,,,exists
G240726E37701N,CA,G240726E37701N,,RGI60-02.15538,66492885, ,,,exists
G240741E37699N,CA,G240741E37699N,,RGI60-02.15539,77256891, ,,,exists
G240719E37694N,CA,G240719E37694N,,RGI60-02.15540,66492919, ,,,exists
G240713E37691N,CA,G240713E37691N,,RGI60-02.15541,66492925, ,,,exists
G240698E37666N,CA,G240698E37666N,,RGI60-02.15542,,,,,exists
G240627E37636N,CA,G240627E37636N,,RGI60-02.15543,66493051, ,,,exists
G240630E37634N,CA,G240630E37634N,,RGI60-02.15544,66493057, ,,,exists
G240632E37633N,CA,G240632E37633N,,RGI60-02.15545,66493067, ,,,exists
G240835E37613N,CA,G240835E37613N,,RGI60-02.15546,77257339, ,,,exists
G240841E37611N,CA,G240841E37611N,,RGI60-02.15547,77257355, ,,,exists
G240837E37610N,CA,G240837E37610N,US2K04452002,RGI60-02.15548,77257365, ,,,exists
G240849E37607N,CA,G240849E37607N,,RGI60-02.15549,77257381, ,,,exists
G240998E37573N,CA,G240998E37573N,,RGI60-02.15550,77318182, ,,,exists
G240578E37692N,CA,G240578E37692N,,RGI60-02.15551,66492845, ,,,exists
G240585E37671N,CA,G240585E37671N,,RGI60-02.15552,66492909, ,,,exists
G240590E37656N,CA,G240590E37656N,,RGI60-02.15553,66492957, ,,,exists
G240594E37652N,CA,G240594E37652N,,RGI60-02.15554,66492971, ,,,exists
G240620E37639N,CA,G240620E37639N,,RGI60-02.15555,66493027, ,,,exists
G240613E37637N,CA,G240613E37637N,,RGI60-02.15556,66493029, ,,,exists
G240602E37636N,CA,G240602E37636N,,RGI60-02.15557,66493023, ,,,exists
G240605E37636N,CA,G240605E37636N,US2K04442001,RGI60-02.15558,66493025, ,,,exists
G240617E37636N,CA,G240617E37636N,,RGI60-02.15559,66493037, ,,,exists
G240623E37636N,CA,G240623E37636N,,RGI60-02.15560,66493043, ,,,exists
G240500E38214N,CA,G240500E38214N,,RGI60-02.15561,60570790, ,,,exists
G240504E38196N,CA,G240504E38196N,,RGI60-02.15562,60564318, ,,,exists
G240512E38189N,CA,G240512E38189N,,RGI60-02.15563,67268726, ,,,exists
G240518E38188N,CA,G240518E38188N,,RGI60-02.15564,67268730, ,,,exists
G240532E38187N,CA,G240532E38187N,,RGI60-02.15565,67268748, ,,,exists
G240580E38181N,CA,G240580E38181N,,RGI60-02.15566,67268760, ,,,exists
G240585E38177N,CA,G240585E38177N,,RGI60-02.15567,67268770, ,,,exists
G240498E38160N,CA,G240498E38160N,,RGI60-02.15568,60570796, ,,,exists
G240557E38161N,CA,G240557E38161N,,RGI60-02.15569,67268800, ,,,exists
G240508E38150N,CA,G240508E38150N,,RGI60-02.15570,67268806, ,,,exists
G240430E38118N,CA,G240430E38118N,,RGI60-02.15571,66760971, ,,,exists
G240423E38116N,CA,G240423E38116N,,RGI60-02.15572,66760965, ,,,exists
G240424E38117N,CA,G240424E38117N,,RGI60-02.15573,66760969, ,,,exists
G240455E38039N,CA,G240455E38039N,,RGI60-02.15574,66761137, ,,,exists
G240630E38094N,CA,G240630E38094N,,RGI60-02.15575,67268910, ,,,exists
G240634E38093N,CA,G240634E38093N,,RGI60-02.15576,67268918, ,,,exists
G240641E38088N,CA,G240641E38088N,,RGI60-02.15577,67268928, ,,,exists
G240655E38092N,CA,G240655E38092N,,RGI60-02.15578,67268940, ,,,exists
G240652E38091N,CA,G240652E38091N,,RGI60-02.15579,67268938, ,,,exists
G240645E38091N,CA,G240645E38091N,,RGI60-02.15580,67268934, ,,,exists
G240629E38091N,CA,G240629E38091N,,RGI60-02.15581,67268924, ,,,exists
G240657E38091N,CA,G240657E38091N,,RGI60-02.15582,67268946, ,,,exists
G240648E38089N,CA,G240648E38089N,US2L00432002,RGI60-02.15583,67268944, ,,,exists
G240654E38086N,CA,G240654E38086N,,RGI60-02.15584,67268958, ,,,exists
G240649E38084N,CA,G240649E38084N,,RGI60-02.15585,66761095, ,,,exists
G240644E38081N,CA,G240644E38081N,,RGI60-02.15586,66761105, ,,,exists
G240664E38080N,CA,G240664E38080N,,RGI60-02.15587,67268970, ,,,exists
G240660E38080N,CA,G240660E38080N,,RGI60-02.15588,67268966, ,,,exists
G240660E38078N,CA,G240660E38078N,,RGI60-02.15589,67268972, ,,,exists
G240734E38077N,CA,G240734E38077N,,RGI60-02.15590,67268982, ,,,exists
G240662E38074N,CA,G240662E38074N,,RGI60-02.15591,67268974, ,,,exists
G240727E38073N,CA,G240727E38073N,,RGI60-02.15592,67268992, ,,,exists
G240735E38071N,CA,G240735E38071N,,RGI60-02.15593,67268998, ,,,exists
G240737E38070N,CA,G240737E38070N,,RGI60-02.15594,67269004, ,,,exists
G240643E38068N,CA,G240643E38068N,US2K04433003,RGI60-02.15595,66761175, ,,,exists
G240726E38069N,CA,G240726E38069N,,RGI60-02.15596,67269002, ,,,exists
G240673E38068N,CA,G240673E38068N,,RGI60-02.15597,67268980, ,,,exists
G240684E38066N,CA,G240684E38066N,,RGI60-02.15598,67268988, ,,,exists
G240676E38064N,CA,G240676E38064N,,RGI60-02.15599,67268984, ,,,exists
G240689E38063N,CA,G240689E38063N,,RGI60-02.15600,67269000, ,,,exists
G240678E38062N,CA,G240678E38062N,,RGI60-02.15601,67268996, ,,,exists
G240651E38056N,CA,G240651E38056N,,RGI60-02.15602,66761249, ,,,exists
G240644E38053N,CA,G240644E38053N,,RGI60-02.15603,66761259, ,,,exists
G240638E38052N,CA,G240638E38052N,,RGI60-02.15604,66761253, ,,,exists
G240686E38047N,CA,G240686E38047N,,RGI60-02.15605,67269020, ,,,exists
G240690E38044N,CA,G240690E38044N,,RGI60-02.15606,67269028, ,,,exists
G240684E38041N,CA,G240684E38041N,,RGI60-02.15607,66761313, ,,,exists
G240691E38041N,CA,G240691E38041N,,RGI60-02.15608,67269046, ,,,exists
G240693E38037N,CA,G240693E38037N,,RGI60-02.15609,67269056, ,,,exists
G240709E38039N,CA,G240709E38039N,,RGI60-02.15610,67269074, ,,,exists
G240690E38039N,CA,G240690E38039N,,RGI60-02.15611,67269050, ,,,exists
G240712E38038N,CA,G240712E38038N,,RGI60-02.15612,67269082, ,,,exists
G240700E38038N,CA,G240700E38038N,,RGI60-02.15613,67269072, ,,,exists
G240689E38036N,CA,G240689E38036N,US2L00431003,RGI60-02.15614,67269068, ,,,exists
G240696E38028N,CA,G240696E38028N,,RGI60-02.15615,80458202, ,,,exists
G240701E38030N,CA,G240701E38030N,,RGI60-02.15616,80458206, ,,,exists
G240700E38027N,CA,G240700E38027N,,RGI60-02.15617,80458213, ,,,exists
G240700E38025N,CA,G240700E38025N,,RGI60-02.15618,80458222, ,,,exists
G240672E38020N,CA,G240672E38020N,,RGI60-02.15619,66761365, ,,,exists
G240673E38018N,CA,G240673E38018N,US2K04433008,RGI60-02.15620,66761369, ,,,exists
G240667E38017N,CA,G240667E38017N,US2K04433009,RGI60-02.15621,66761367, ,,,exists
G240697E38018N,CA,G240697E38018N,,RGI60-02.15622,80458248, ,,,exists
G240697E38016N,CA,G240697E38016N,,RGI60-02.15623,80458254, ,,,exists
G240700E38015N,CA,G240700E38015N,,RGI60-02.15624,80458258, ,,,exists
G240674E38013N,CA,G240674E38013N,,RGI60-02.15625,66761385, ,,,exists
G240695E38014N,CA,G240695E38014N,,RGI60-02.15626,80458260, ,,,exists
G240678E38011N,CA,G240678E38011N,,RGI60-02.15627,66761393, ,,,exists
G240680E38011N,CA,G240680E38011N,,RGI60-02.15628,66761397, ,,,exists
G240683E38010N,CA,G240683E38010N,,RGI60-02.15629,66761399, ,,,exists
G240687E38011N,CA,G240687E38011N,,RGI60-02.15630,66761405, ,,,exists
G240689E38007N,CA,G240689E38007N,,RGI60-02.15631,66761409, ,,,exists
G240688E38009N,CA,G240688E38009N,,RGI60-02.15632,66761411, ,,,exists
G240699E38007N,CA,G240699E38007N,,RGI60-02.15633,80458286, ,,,exists
G240727E37996N,CA,G240727E37996N,,RGI60-02.15634,80458314, ,,,exists
G240721E37999N,CA,G240721E37999N,,RGI60-02.15635,80458300, ,,,exists
G240732E37996N,CA,G240732E37996N,,RGI60-02.15636,80458312, ,,,exists
G240681E37993N,CA,G240681E37993N,,RGI60-02.15637,66761427, ,,,exists
G240676E37990N,CA,G240676E37990N,,RGI60-02.15638,66761429, ,,,exists
G240734E37992N,CA,G240734E37992N,,RGI60-02.15639,80458328, ,,,exists
G240684E37987N,CA,G240684E37987N,,RGI60-02.15640,80458310, ,,,exists
G240670E37988N,CA,G240670E37988N,,RGI60-02.15641,66761431, ,,,exists
G240679E37989N,CA,G240679E37989N,,RGI60-02.15642,66761433, ,,,exists
G240661E37985N,CA,G240661E37985N,,RGI60-02.15643,66761437, ,,,exists
G240653E37979N,CA,G240653E37979N,,RGI60-02.15644,66761443, ,,,exists
G240682E37974N,CA,G240682E37974N,,RGI60-02.15645,80458338, ,,,exists
G240691E37972N,CA,G240691E37972N,,RGI60-02.15646,80458342, ,,,exists
G240697E37971N,CA,G240697E37971N,,RGI60-02.15647,80458344, ,,,exists
G240688E37965N,CA,G240688E37965N,,RGI60-02.15648,80458350, ,,,exists
G240691E37963N,CA,G240691E37963N,,RGI60-02.15649,80458358, ,,,exists
G240691E37956N,CA,G240691E37956N,,RGI60-02.15650,80458362, ,,,exists
G240692E37952N,CA,G240692E37952N,US2L00223010,RGI60-02.15651,80458372, ,,,exists
G240698E37946N,CA,G240698E37946N,,RGI60-02.15652,80458388, ,,,exists
G240705E37944N,CA,G240705E37944N,,RGI60-02.15653,80458392, ,,,exists
G240718E37936N,CA,G240718E37936N,US2L00223008,RGI60-02.15654,80458394, ,,,exists
G240702E37937N,CA,G240702E37937N,,RGI60-02.15655,66761471, ,,,exists
G240711E37937N,CA,G240711E37937N,,RGI60-02.15656,80458396, ,,,exists
G240728E37936N,CA,G240728E37936N,,RGI60-02.15657,80458402, ,,,exists
G240708E37933N,CA,G240708E37933N,,RGI60-02.15658,66761477, ,,,exists
G240654E37930N,CA,G240654E37930N,,RGI60-02.15659,66761469, ,,,exists
G240731E37925N,CA,G240731E37925N,,RGI60-02.15660,66761483, ,,,exists
G240734E37921N,CA,G240734E37921N,,RGI60-02.15661,66761493, ,,,exists
G240787E37978N,CA,G240787E37978N,,RGI60-02.15662,80458360, ,,,exists
G240771E37926N,CA,G240771E37926N,,RGI60-02.15663,80458406, ,,,exists
G240783E37925N,CA,G240783E37925N,,RGI60-02.15664,80458414, ,,,exists
G240781E37902N,CA,G240781E37902N,US2L00223007,RGI60-02.15665,80458418, ,2.02E+11,,exists
G240783E37903N,CA,G240783E37903N,,RGI60-02.15666,80458424, ,2.02E+11,,exists
G240786E37902N,CA,G240786E37902N,,RGI60-02.15667,80458426, ,,,exists
G240791E37894N,CA,G240791E37894N,,RGI60-02.15668,66761505, ,,,exists
G240793E37894N,CA,G240793E37894N,,RGI60-02.15669,66761507, ,,,exists
G240796E37891N,CA,G240796E37891N,,RGI60-02.15670,66761511, ,,,exists
G240800E37889N,CA,G240800E37889N,,RGI60-02.15671,80458430, ,,,exists
G240626E38097N,CA,G240626E38097N,,RGI60-02.15672,67268896, ,,,exists
G240344E38249N,CA,G240344E38249N,,RGI60-02.15673,59562647, ,,,exists
G240301E38242N,CA,G240301E38242N,,RGI60-02.15674,59562503, ,,,exists
G240333E38239N,CA,G240333E38239N,,RGI60-02.15675,59562621, ,,,exists
G240309E38235N,CA,G240309E38235N,US2K04421009,RGI60-02.15676,59561987, ,,,exists
G240340E38236N,CA,G240340E38236N,,RGI60-02.15677,59562063, ,,,exists
G240334E38233N,CA,G240334E38233N,,RGI60-02.15678,59562607, ,,,exists
G240323E38233N,CA,G240323E38233N,,RGI60-02.15679,59562033, ,,,exists
G240313E38233N,CA,G240313E38233N,,RGI60-02.15680,59562533, ,,,exists
G240319E38233N,CA,G240319E38233N,,RGI60-02.15681,59562553, ,,,exists
G240356E38229N,CA,G240356E38229N,,RGI60-02.15682,59562713, ,,,exists
G240354E38228N,CA,G240354E38228N,,RGI60-02.15683,59562705, ,,,exists
G240365E38227N,CA,G240365E38227N,,RGI60-02.15684,59562149, ,,,exists
G240251E38218N,CA,G240251E38218N,,RGI60-02.15685,59562227, ,,,exists
G240253E38217N,CA,G240253E38217N,,RGI60-02.15686,59561679, ,,,exists
G240261E38216N,CA,G240261E38216N,,RGI60-02.15687,59562263, ,,,exists
G240266E38216N,CA,G240266E38216N,,RGI60-02.15688,59561769, ,,,exists
G240262E38215N,CA,G240262E38215N,,RGI60-02.15689,59561723, ,,,exists
G240281E38212N,CA,G240281E38212N,,RGI60-02.15690,59561845, ,,,exists
G240282E38210N,CA,G240282E38210N,,RGI60-02.15691,59562393, ,,,exists
G240290E38208N,CA,G240290E38208N,,RGI60-02.15692,59561913, ,,,exists
G240397E38236N,CA,G240397E38236N,,RGI60-02.15693,60573788, ,,,exists
G240392E38235N,CA,G240392E38235N,,RGI60-02.15694,59571881, ,,,exists
G240493E38216N,CA,G240493E38216N,,RGI60-02.15695,60574522, ,,,exists
G240376E38211N,CA,G240376E38211N,,RGI60-02.15696,60574254, ,,,exists
G240412E38195N,CA,G240412E38195N,,RGI60-02.15697,60574004, ,,,exists
G240408E38194N,CA,G240408E38194N,,RGI60-02.15698,60573998, ,,,exists
G240406E38192N,CA,G240406E38192N,,RGI60-02.15699,60573992, ,,,exists
G240412E38189N,CA,G240412E38189N,,RGI60-02.15700,60574302, ,,,exists
G240398E38188N,CA,G240398E38188N,,RGI60-02.15701,60573970, ,,,exists
G240442E38172N,CA,G240442E38172N,,RGI60-02.15702,60574450, ,,,exists
G240445E38172N,CA,G240445E38172N,,RGI60-02.15703,60574166, ,,,exists
G240413E38166N,CA,G240413E38166N,,RGI60-02.15704,66760859, ,,,exists
G240437E38164N,CA,G240437E38164N,,RGI60-02.15705,60573874, ,,,exists
G240417E38164N,CA,G240417E38164N,,RGI60-02.15706,66760867, ,,,exists
G240419E38160N,CA,G240419E38160N,,RGI60-02.15707,66760871, ,,,exists
G240434E38159N,CA,G240434E38159N,,RGI60-02.15708,60573866, ,,,exists
G240424E38159N,CA,G240424E38159N,,RGI60-02.15709,60574056, ,,,exists
G240429E38159N,CA,G240429E38159N,,RGI60-02.15710,60574382, ,,,exists
G240453E38157N,CA,G240453E38157N,,RGI60-02.15711,60574188, ,,,exists
G240441E38156N,CA,G240441E38156N,,RGI60-02.15712,60574442, ,,,exists
G240447E38155N,CA,G240447E38155N,,RGI60-02.15713,60574456, ,,,exists
G240451E38151N,CA,G240451E38151N,,RGI60-02.15714,66760899, ,,,exists
G240430E38151N,CA,G240430E38151N,,RGI60-02.15715,66760889, ,,,exists
G240454E38146N,CA,G240454E38146N,US2L00421003,RGI60-02.15716,60574472, ,,,exists
G240469E38147N,CA,G240469E38147N,,RGI60-02.15717,60574212, ,,,exists
G240473E38146N,CA,G240473E38146N,,RGI60-02.15718,60574216, ,,,exists
G240481E38146N,CA,G240481E38146N,,RGI60-02.15719,60574222, ,,,exists
G240483E38144N,CA,G240483E38144N,,RGI60-02.15720,60574224, ,,,exists
G240484E38142N,CA,G240484E38142N,,RGI60-02.15721,60574226, ,,,exists
G240453E38140N,CA,G240453E38140N,,RGI60-02.15722,66760923, ,,,exists
G240486E38139N,CA,G240486E38139N,,RGI60-02.15723,60574506, ,,,exists
G240490E38139N,CA,G240490E38139N,,RGI60-02.15724,60574236, ,,,exists
G240492E38138N,CA,G240492E38138N,,RGI60-02.15725,60574520, ,,,exists
G240496E38136N,CA,G240496E38136N,,RGI60-02.15726,66760961, ,,,exists
G240480E38134N,CA,G240480E38134N,,RGI60-02.15727,66760951, ,,,exists
G240476E38134N,CA,G240476E38134N,,RGI60-02.15728,66760949, ,,,exists
G240473E38134N,CA,G240473E38134N,,RGI60-02.15729,66760947, ,,,exists
G240612E37838N,CA,G240612E37838N,,RGI60-02.15730,66761515, ,,,exists
G240321E38300N,CA,G240321E38300N,,RGI60-02.15731,59567875, ,,,exists
G240324E38299N,CA,G240324E38299N,,RGI60-02.15732,59567879, ,,,exists
G240334E38294N,CA,G240334E38294N,,RGI60-02.15733,59567889, ,,,exists
G240350E38290N,CA,G240350E38290N,,RGI60-02.15734,59567911, ,,,exists
G240352E38286N,CA,G240352E38286N,US2L00421007,RGI60-02.15735,60572796, ,,,exists
G240382E38268N,CA,G240382E38268N,,RGI60-02.15736,60570318, ,,,exists
G240392E38266N,CA,G240392E38266N,,RGI60-02.15737,60570322, ,,,exists
G240405E38266N,CA,G240405E38266N,,RGI60-02.15738,60570316, ,,,exists
G240545E38113N,CA,G240545E38113N,US2L00432013,RGI60-02.15739,67268826, ,,,exists
G240608E38114N,CA,G240608E38114N,,RGI60-02.15740,67268846, ,,,exists
G240538E38111N,CA,G240538E38111N,,RGI60-02.15741,67268830, ,,,exists
G240603E38112N,CA,G240603E38112N,,RGI60-02.15742,67268852, ,,,exists
G240599E38108N,CA,G240599E38108N,US2L00432011,RGI60-02.15743,67268868, ,,,exists
G240605E38107N,CA,G240605E38107N,,RGI60-02.15744,67268870, ,,,exists
G240608E38104N,CA,G240608E38104N,,RGI60-02.15745,67268878, ,,,exists
G240551E38102N,CA,G240551E38102N,,RGI60-02.15746,67268848, ,,,exists
G240614E38101N,CA,G240614E38101N,US2L00432008,RGI60-02.15747,67268886, ,,,exists
G240620E38098N,CA,G240620E38098N,,RGI60-02.15748,67268890, ,,,exists
G240540E38098N,CA,G240540E38098N,,RGI60-02.15749,67268856, ,,,exists
G240544E38098N,CA,G240544E38098N,,RGI60-02.15750,67268866, ,,,exists
G240556E38097N,CA,G240556E38097N,,RGI60-02.15751,67268872, ,,,exists
G240554E38095N,CA,G240554E38095N,,RGI60-02.15752,67268880, ,,,exists
G240591E38088N,CA,G240591E38088N,,RGI60-02.15753,66761047, ,,,exists
G240615E38076N,CA,G240615E38076N,,RGI60-02.15754,66761099, ,,,exists
G240604E38073N,CA,G240604E38073N,,RGI60-02.15755,66761101, ,,,exists
G240610E38072N,CA,G240610E38072N,US2K04433001,RGI60-02.15756,66761113, ,,,exists
G240773E38007N,CA,G240773E38007N,,RGI60-02.15757,80458304, ,,,exists
G240806E38003N,CA,G240806E38003N,,RGI60-02.15758,80458322, ,,,exists
G240792E38004N,CA,G240792E38004N,,RGI60-02.15759,80458318, ,,,exists
G240797E38002N,CA,G240797E38002N,,RGI60-02.15760,80458330, ,,,exists
G241146E37484N,CA,G241146E37484N,,RGI60-02.15761,77318290, ,,,exists
G241254E37219N,CA,G241254E37219N,,RGI60-02.15762,77258507, ,,,exists
G237799E41422N,Bolam Glacier CA,G237799E41422N,,RGI60-02.16497,103359085,257326,2.02E+11,,exists
G237812E41420N,Hotlum Glacier CA,G237812E41420N,,RGI60-02.16498,120011358,261559,2.02E+11,,exists
G237789E41414N,Whitney Glacier CA,G237789E41414N,,RGI60-02.16499,103359093,269049,2.02E+11,,exists
G237818E41408N,Wintun Glacier CA,G237818E41408N,,RGI60-02.16500,120011355,269256,2.02E+11,,exists
G237805E41400N,Konwakiton Glacier CA,G237805E41400N,,RGI60-02.16501,120011359,262238,2.02E+11,,exists
G237823E41399N,Watkins Glacier CA,G237823E41399N,,RGI60-02.16502,120011357,1657882,2.02E+11,,exists
G237806E41388N,Mud Creek Glacier CA,G237806E41388N,,RGI60-02.16503,120011356,1657873,,,exists
G241491E37100N,Palisade Glacier CA,G241491E37100N,,RGI60-02.18783,77318798, ,2.02E+11,,exists
G241482E37103N,CA,G241482E37103N,,RGI60-02.18784,77318798, ,2.02E+11,,exists
G241323E37171N,Darwin Glacier CA,G241323E37171N,US2K04457002,RGI60-02.18785,77258597, ,2.02E+11,,exists
G241328E37170N,CA,G241328E37170N,,RGI60-02.18786,77258597, ,2.02E+11,,exists
G240681E37970N,Conness Glacier CA,G240681E37970N,,RGI60-02.18787,80458340, ,2.02E+11,,exists
G240688E37969N,CA,G240688E37969N,US2L00223014,RGI60-02.18788,80458340, ,2.02E+11,,exists
G241380E37143N,CA,G241380E37143N,,RGI60-02.18789,77318654, ,2.02E+11,,exists
G241385E37145N,CA,G241385E37145N,,RGI60-02.18790,77318654, ,2.02E+11,,exists
G238484E40498N,CA,G238484E40498N,,RGI60-02.18808,76960771, ,,,exists
G238491E40496N,CA,G238491E40496N,,RGI60-02.18809,76960775, ,,,exists
G238484E40487N,CA,G238484E40487N,,RGI60-02.18810,76960785, ,,,exists
G238489E40486N,CA,G238489E40486N,,RGI60-02.18811,76960785, ,,,exists
G238494E40487N,CA,G238494E40487N,,RGI60-02.18812,83411556, ,,,exists
G238495E40490N,CA,G238495E40490N,,RGI60-02.18813,83411552, ,,,exists
G238499E40489N,CA,G238499E40489N,,RGI60-02.18814,83411554, ,,,exists
G238504E40483N,CA,G238504E40483N,,RGI60-02.18815,83411576, ,,,exists
